column_name,pearsonr_correlation,pearsonr_pvalue,has_drifted,rank
snow_depth,0.45178738604118873,0.14036429471457879,False,1
pressure,0.1397084116607659,0.5149842179673837,True,2
precipitation,0.11761136389959802,0.5841569501350347,True,3
cloud_cover,0.11457808883324018,0.593956248779243,False,4
sunshine,-0.001811932444713768,0.993295673111163,True,5
min_temp,-0.042319378736376354,0.8443427409090486,False,6
max_temp,-0.048112597652975514,0.8233418376963534,False,7
global_radiation,-0.23433817144906996,0.2703884273080102,True,8
